|   type | thread_id |                       thread_id |
|      0 |       158 |                               1 |
|      0 |       346 |                               6 |
|      2 |       346 |                               2 |
|      3 |       346 |                               6 |
|      4 |       346 |                               1 |
|      6 |       346 |                               1 |
|      8 |       346 |                               1 |
|      0 |       350 |                               4 |
|      3 |       350 |                               3 |
|      0 |       351 |                               2 |
|      2 |       351 |                               2 |
|      3 |       351 |                               3 |
|      8 |       351 |                               1 |
|      0 |       353 |                               7 |
|      3 |       353 |                               5 |
|      4 |       353 |                               1 |
|      2 |       361 |                               1 |
|      0 |       363 |                               2 |
|      3 |       363 |                               2 |
|      4 |       363 |                               1 |
|      0 |       373 |                               2 |
|      3 |       373 |                               1 |
|      4 |       373 |                               1 |
|      6 |       373 |                               1 |
|      0 |       376 |                               8 |
|      3 |       376 |                               9 |
|      8 |       376 |                               2 |
|      0 |       384 |                               1 |
|      0 |       385 |                               3 |
|      3 |       385 |                               3 |
|      8 |       385 |                               1 |
|      0 |       388 |                              11 |
|      3 |       388 |                               7 |
|      8 |       388 |                               1 |
|      0 |       393 |                               3 |
|      3 |       393 |                               1 |
|      0 |       401 |                               3 |
|      3 |       401 |                               1 |
|      4 |       401 |                               1 |
|      0 |       412 |                               2 |
|      0 |       417 |                               7 |
|      2 |       417 |                               1 |
|      3 |       417 |                               6 |
|      4 |       417 |                               1 |
|      8 |       417 |                               1 |
|      0 |       421 |                               2 |
|      0 |       427 |                               2 |
|      2 |       427 |                               1 |
|      3 |       427 |                               1 |
|      4 |       427 |                               1 |
|      0 |       429 |                               1 |
|      3 |       429 |                               1 |
|      0 |       447 |                              12 |
|      3 |       447 |                               7 |
|      4 |       447 |                               2 |
|      0 |       453 |                               1 |
|      4 |       453 |                               1 |
|      0 |       455 |                               3 |
|      3 |       455 |                               3 |
|      0 |       463 |                               5 |
|      3 |       463 |                               3 |
|      4 |       464 |                               1 |
|      8 |       464 |                               1 |
|      0 |       478 |                               4 |
|      3 |       478 |                               4 |
|      0 |       488 |                               1 |
|      3 |       488 |                               1 |
|      0 |       489 |                               1 |
|      3 |       489 |                               1 |
|      0 |       506 |                               8 |
|      6 |       506 |                               1 |
|      2 |       514 |                               2 |
|      4 |       514 |                               3 |
|      0 |       515 |                               3 |
|      3 |       515 |                               3 |
|      0 |       528 |                               4 |
|      2 |       528 |                               2 |
|      3 |       528 |                               1 |
|      8 |       528 |                               1 |
|      0 |       552 |                               6 |
|      3 |       552 |                               3 |
|      0 |       553 |                               2 |
|      3 |       553 |                               2 |
|      0 |       578 |                               3 |
|      0 |       580 |                               1 |
|      0 |       582 |                               4 |
|      3 |       582 |                               4 |
|      8 |       582 |                               4 |
|      0 |       601 |                               5 |
|      0 |       611 |                               1 |
|      0 |       615 |                               6 |
|      3 |       615 |                               1 |
|      4 |       615 |                               1 |
|      0 |       619 |                               2 |
|      0 |       625 |                               1 |
|      3 |       625 |                               5 |
|      0 |       626 |                               2 |
|      3 |       626 |                               4 |
|      8 |       626 |                               1 |
|      0 |       636 |                               6 |
|      2 |       636 |                               2 |
|      3 |       636 |                              11 |
|      4 |       636 |                               1 |
|      5 |       636 |                               3 |
|      8 |       636 |                               1 |
|      0 |       640 |                               4 |
|      0 |       653 |                               9 |
|      3 |       653 |                               5 |
|      4 |       653 |                               1 |
|      6 |       653 |                               1 |
|      8 |       653 |                               1 |
|      0 |       662 |                               2 |
|      0 |       668 |                               2 |
|      3 |       668 |                               1 |
|      0 |       669 |                               1 |
|      0 |       682 |                               1 |
|      3 |       682 |                               3 |
|      0 |       684 |                               4 |
|      1 |       684 |                               1 |
|      2 |       691 |                               1 |
|      0 |       696 |                               1 |
|      2 |       717 |                               1 |
|      3 |       717 |                               1 |
|      4 |       717 |                               1 |
|      0 |       724 |                               3 |
|      3 |       724 |                               2 |
|      0 |       725 |                               6 |
|      3 |       725 |                               3 |
|      0 |       741 |                               3 |
|      0 |       749 |                               1 |
|      8 |       749 |                               1 |
|      0 |       763 |                               1 |
|      0 |       787 |                               6 |
|      3 |       787 |                               1 |
|      0 |       794 |                               6 |
|      2 |       794 |                               2 |
|      0 |       817 |                               1 |
|      3 |       817 |                               1 |
|      4 |       817 |                               1 |
|      0 |       826 |                               3 |
|      0 |       827 |                              40 |
|      3 |       827 |                               2 |
|      0 |       831 |                               1 |
|      2 |       831 |                               1 |
|      3 |       831 |                               1 |
|      0 |       855 |                              11 |
|      3 |       855 |                               6 |
|      4 |       855 |                               1 |
|      6 |       855 |                               1 |
|      8 |       855 |                               1 |
|      3 |       859 |                               2 |
|      4 |       859 |                               1 |
|      0 |       863 |                               4 |
|      0 |       868 |                               4 |
|      2 |       868 |                               1 |
|      3 |       868 |                               2 |
|      0 |       882 |                               8 |
|      3 |       882 |                               2 |
|      0 |       913 |                               1 |
|      0 |       926 |                               2 |
|      2 |       926 |                               2 |
|      0 |       929 |                               6 |
|      3 |       929 |                               4 |
|      0 |       938 |                               2 |
|      2 |       938 |                               1 |
|      3 |       938 |                               1 |
|      0 |       942 |                               3 |
|      3 |       942 |                               1 |
|      4 |       942 |                               1 |
|      6 |       942 |                               1 |
|      0 |       984 |                               1 |
|      2 |       984 |                               1 |
|      0 |       991 |                               1 |
|      0 |      1014 |                               1 |
|      2 |      1014 |                               1 |
|      3 |      1014 |                               1 |
|      4 |      1014 |                               1 |
|      0 |      1024 |                               1 |
|      0 |      1028 |                               3 |
|      8 |      1028 |                               1 |
|      0 |      1038 |                               5 |
|      3 |      1038 |                               2 |
|      4 |      1038 |                               1 |
|      0 |      1061 |                               4 |
|      3 |      1061 |                               7 |
|      0 |      1062 |                               3 |
|      3 |      1062 |                               1 |
|      0 |      1071 |                               1 |
|      0 |      1076 |                              20 |
|      1 |      1076 |                               1 |
|      6 |      1076 |                               1 |
|      3 |      1089 |                               2 |
|      0 |      1113 |                               7 |
|      3 |      1113 |                               3 |
|      0 |      1123 |                               2 |
|      3 |      1123 |                               1 |
|      6 |      1123 |                               1 |
|      2 |      1131 |                               1 |
|      3 |      1131 |                               1 |
|      6 |      1131 |                               1 |
|      0 |      1137 |                               2 |
|      3 |      1137 |                               1 |
|      0 |      1139 |                              18 |
|      2 |      1139 |                               1 |
|      3 |      1139 |                               5 |
|      0 |      1144 |                               1 |
|      3 |      1144 |                               1 |
|      0 |      1155 |                               2 |
|      3 |      1155 |                               2 |
|      0 |      1161 |                               3 |
|      2 |      1161 |                               1 |
|      3 |      1161 |                               2 |
|      6 |      1161 |                               1 |
|      0 |      1171 |                               4 |
|      3 |      1171 |                               1 |
|      6 |      1171 |                               2 |
|      0 |      1180 |                              15 |
|      3 |      1180 |                               7 |
|      8 |      1180 |                               1 |
|      0 |      1212 |                               1 |
|      3 |      1212 |                               1 |
|      0 |      1218 |                               6 |
|      8 |      1218 |                               1 |
|      0 |      1229 |                               4 |
|      3 |      1229 |                               4 |
|      0 |      1247 |                               2 |
|      2 |      1247 |                               1 |
|      3 |      1247 |                               2 |
|      0 |      1255 |                               7 |
|      3 |      1255 |                               5 |
|      0 |      1282 |                               1 |
|      0 |      1305 |                               1 |
|      5 |      1305 |                               1 |
|      1 |      1318 |                               1 |
|      0 |      1362 |                               2 |
|      0 |      1364 |                               4 |
|      3 |      1364 |                               2 |
|      0 |      1373 |                               3 |
|      3 |      1373 |                               1 |
|      4 |      1373 |                               1 |
|      8 |      1373 |                               1 |
|      0 |      1374 |                               5 |
|      3 |      1374 |                               1 |
|      8 |      1374 |                               1 |
|      0 |      1382 |                               6 |
|      3 |      1382 |                               3 |
|      0 |      1407 |                               7 |
|      3 |      1407 |                               1 |
|      0 |      1415 |                              24 |
|      3 |      1415 |                               1 |
|      0 |      1429 |                               1 |
|      3 |      1429 |                               1 |
|      0 |      1452 |                               2 |
|      3 |      1454 |                               1 |
|      0 |      1476 |                               1 |
|      0 |      1483 |                               2 |
|      0 |      1487 |                               2 |
|      2 |      1487 |                               2 |
|      3 |      1487 |                               1 |
|      0 |      1488 |                               9 |
|      3 |      1488 |                               2 |
|      0 |      1502 |                               3 |
|      3 |      1502 |                               1 |
|      0 |      1504 |                               3 |
|      3 |      1504 |                               3 |
|      0 |      1520 |                               1 |
|      0 |      1534 |                               1 |
|      3 |      1534 |                               1 |
|      0 |      1565 |                               2 |
|      3 |      1565 |                               7 |
|      4 |      1565 |                               1 |
|      0 |      1566 |                               2 |
|      2 |      1566 |                               1 |
|      3 |      1566 |                               2 |
|      0 |      1581 |                               4 |
|      2 |      1581 |                               1 |
|      3 |      1581 |                               1 |
|      0 |      1583 |                               1 |
|      3 |      1583 |                               1 |
|      0 |      1615 |                               2 |
|      0 |      1628 |                               2 |
|      3 |      1628 |                               1 |
|      7 |      1628 |                               1 |
|      3 |      1633 |                               1 |
|      3 |      1636 |                               1 |
|      0 |      1647 |                               4 |
|      3 |      1647 |                               1 |
|      8 |      1647 |                               1 |
|      0 |      1662 |                               2 |
|      3 |      1662 |                               1 |
|      4 |      1662 |                               1 |
|      8 |      1662 |                               1 |
|      0 |      1669 |                               1 |
|      3 |      1669 |                               1 |
|      0 |      1709 |                               6 |
|      3 |      1709 |                               1 |
|      0 |      1738 |                              26 |
|      3 |      1738 |                               7 |
|      3 |      1746 |                               1 |
|      0 |      1759 |                               3 |
|      8 |      1760 |                               1 |
|      0 |      1772 |                               2 |
|      2 |      1772 |                               1 |
|      3 |      1772 |                               2 |
|      6 |      1775 |                               1 |
|      0 |      1776 |                               3 |
|      3 |      1776 |                               1 |
|      4 |      1776 |                               3 |
|      0 |      1777 |                               2 |
|      3 |      1777 |                               1 |
|      4 |      1777 |                               2 |
|      0 |      1787 |                               1 |
|      0 |      1788 |                               8 |
|      3 |      1788 |                               2 |
|      4 |      1788 |                               2 |
|      8 |      1788 |                               1 |
|      0 |      1791 |                               9 |
|      0 |      1811 |                               2 |
|      3 |      1811 |                               1 |
|      0 |      1859 |                               1 |
|      2 |      1859 |                               1 |
|      0 |      1901 |                              10 |
|      0 |      1909 |                               3 |
|      3 |      1909 |                               2 |
|      0 |      1913 |                               1 |
|      2 |      1913 |                               1 |
|      3 |      1913 |                               1 |
|      4 |      1913 |                               1 |
|      0 |      1941 |                               1 |
|      2 |      1941 |                               1 |
|      3 |      1941 |                               1 |
|      4 |      1941 |                               1 |
|      0 |      2031 |                              12 |
|      3 |      2031 |                              10 |
|      0 |      2040 |                               4 |
|      1 |      2040 |                               1 |
|      8 |      2040 |                               1 |
|      0 |      2052 |                               1 |
|      0 |      2062 |                               3 |
|      1 |      2062 |                               1 |
|      8 |      2062 |                               1 |
|      0 |      2064 |                               1 |
|      3 |      2064 |                               1 |
|      0 |      2072 |                               3 |
|      0 |      2074 |                               2 |
|      3 |      2074 |                               3 |
|      0 |      2085 |                               3 |
|      0 |      2100 |                               6 |
|      3 |      2100 |                               3 |
|      6 |      2100 |                               1 |
|      2 |      2101 |                               1 |
|      0 |      2115 |                               4 |
|      3 |      2115 |                               1 |
|      0 |      2146 |                               2 |
|      3 |      2146 |                               3 |
|      8 |      2146 |                               1 |
|      0 |      2150 |                               2 |
|      3 |      2150 |                               2 |
|      4 |      2150 |                               1 |
|      0 |      2156 |                               1 |
|      1 |      2161 |                               2 |
|      4 |      2161 |                               2 |
|      4 |      2170 |                               1 |
|      3 |      2184 |                               1 |
|      6 |      2184 |                               1 |
|      0 |      2203 |                               1 |
|      2 |      2203 |                               1 |
|      0 |      2204 |                               1 |
|      3 |      2204 |                               1 |
|      0 |      2224 |                               3 |
|      3 |      2224 |                               4 |
|      0 |      2231 |                               1 |
|      2 |      2231 |                               1 |
|      0 |      2233 |                               3 |
|      2 |      2233 |                               1 |
|      4 |      2233 |                               1 |
|      0 |      2249 |                               1 |
|      3 |      2249 |                               1 |
|      0 |      2250 |                              17 |
|      2 |      2250 |                               1 |
|      3 |      2250 |                               2 |
|      0 |      2259 |                               1 |
|      0 |      2261 |                               1 |
|      3 |      2261 |                               1 |
|      0 |      2275 |                               5 |
|      3 |      2275 |                               3 |
|      0 |      2300 |                               8 |
|      3 |      2300 |                               4 |
|      0 |      2310 |                               5 |
|      0 |      2361 |                               1 |
|      0 |      2364 |                               1 |
|      0 |      2370 |                               2 |
|      0 |      2396 |                               2 |
|      3 |      2396 |                               2 |
|      8 |      2396 |                               1 |
|      0 |      2417 |                               1 |
|      0 |      2438 |                               1 |
|      2 |      2458 |                               1 |
|      4 |      2458 |                               2 |
|      0 |      2461 |                               1 |
|      0 |      2467 |                               1 |
|      3 |      2467 |                               1 |
|      0 |      2476 |                               8 |
|      3 |      2476 |                               3 |
|      8 |      2476 |                               1 |
|      0 |      2490 |                               1 |
|      3 |      2490 |                               1 |
|      2 |      2492 |                               1 |
|      3 |      2492 |                               2 |
|      0 |      2529 |                              28 |
|      0 |      2530 |                               1 |
|      0 |      2536 |                               1 |
|      0 |      2544 |                               2 |
|      3 |      2544 |                               1 |
|      0 |      2545 |                               1 |
|      0 |      2546 |                               2 |
|      3 |      2546 |                               5 |
|      6 |      2546 |                               1 |
|      8 |      2546 |                               1 |
|      0 |      2558 |                               2 |
|      1 |      2558 |                               1 |
|      3 |      2558 |                               1 |
|      3 |      2566 |                               4 |
|      0 |      2570 |                               2 |
|      6 |      2570 |                               1 |
|      0 |      2593 |                               2 |
|      2 |      2593 |                               1 |
|      4 |      2593 |                               1 |
|      0 |      2596 |                               1 |
|      0 |      2621 |                               2 |
|      3 |      2621 |                               1 |
|      0 |      2628 |                               4 |
|      3 |      2628 |                               1 |
|      5 |      2628 |                               1 |
|      8 |      2628 |                               1 |
|      0 |      2643 |                               1 |
|      1 |      2643 |                               1 |
|      2 |      2643 |                               1 |
|      3 |      2676 |                               1 |
|      0 |      2680 |                               1 |
|      0 |      2710 |                               1 |
|      2 |      2710 |                               1 |
|      5 |      2710 |                               1 |
|      0 |      2725 |                               3 |
|      3 |      2725 |                               5 |
|      0 |      2751 |                               1 |
|      0 |      2763 |                               1 |
|      0 |      2774 |                               2 |
|      3 |      2774 |                               1 |
|      6 |      2774 |                               1 |
|      0 |      2805 |                               6 |
|      3 |      2805 |                               1 |
|      0 |      2820 |                               3 |
|      3 |      2820 |                               1 |
|      0 |      2826 |                               4 |
|      0 |      2832 |                               4 |
|      3 |      2832 |                               3 |
|      4 |      2832 |                               1 |
|      2 |      2881 |                               2 |
|      3 |      2881 |                               4 |
|      4 |      2881 |                               1 |
|      0 |      2888 |                               1 |
|      3 |      2888 |                               1 |
|      0 |      2893 |                               1 |
|      0 |      2896 |                               2 |
|      4 |      2896 |                               1 |
|      0 |      2911 |                               3 |
|      0 |      2937 |                               6 |
|      2 |      2937 |                               1 |
|      6 |      2937 |                               1 |
|      0 |      2992 |                               3 |
|      0 |      3001 |                               7 |
|      3 |      3001 |                               1 |
|      6 |      3001 |                               1 |
|      0 |      3004 |                               1 |
|      2 |      3004 |                               1 |
|      0 |      3023 |                               1 |
|      6 |      3023 |                               1 |
|      0 |      3027 |                               3 |
|      0 |      3056 |                               1 |
|      0 |      3061 |                               4 |
|      3 |      3061 |                               2 |
|      6 |      3061 |                               1 |
|      0 |      3062 |                               2 |
|      3 |      3062 |                               2 |
|      8 |      3062 |                               1 |
|      0 |      3063 |                               1 |
|      3 |      3063 |                               1 |
|      4 |      3063 |                               2 |
|      0 |      3071 |                               1 |
|      0 |      3093 |                               1 |
|      0 |      3101 |                               2 |
|      3 |      3101 |                               1 |
|      4 |      3215 |                               1 |
|      3 |      3224 |                               1 |
|      0 |      3229 |                               3 |
|      3 |      3231 |                               1 |
|      4 |      3231 |                               1 |
|      0 |      3277 |                              10 |
|      0 |      3295 |                               1 |
|      0 |      3308 |                               1 |
|      0 |      3322 |                               3 |
|      2 |      3322 |                               1 |
|      3 |      3322 |                               3 |
|      8 |      3322 |                               1 |
|      0 |      3341 |                              30 |
|      3 |      3341 |                               2 |
|      0 |      3358 |                               2 |
|      3 |      3358 |                               5 |
|      8 |      3358 |                               1 |
|      0 |      3378 |                               1 |
|      0 |      3379 |                               1 |
|      2 |      3379 |                               1 |
|      3 |      3379 |                               1 |
|      0 |      3393 |                               3 |
|      3 |      3393 |                               1 |
|      0 |      3410 |                               1 |
|      3 |      3410 |                               2 |
|      4 |      3410 |                               1 |
|      0 |      3444 |                               1 |
|      3 |      3444 |                               2 |
|      0 |      3445 |                               3 |
|      3 |      3445 |                               8 |
|      0 |      3470 |                               1 |
|      0 |      3496 |                               9 |
|      0 |      3529 |                               3 |
|      3 |      3535 |                               4 |
|      4 |      3535 |                               1 |
|      0 |      3568 |                               5 |
|      0 |      3574 |                               2 |
|      2 |      3574 |                               2 |
|      3 |      3574 |                               4 |
|      3 |      3653 |                               1 |
|      4 |      3653 |                               1 |
|      0 |      3663 |                               2 |
|      3 |      3663 |                               2 |
|      4 |      3663 |                               2 |
|      0 |      3735 |                               4 |
|      3 |      3735 |                               1 |
|      0 |      3790 |                               1 |
|      0 |      3810 |                               3 |
|      8 |      3810 |                               2 |
|      0 |      3839 |                               3 |
|      3 |      3839 |                               1 |
|      0 |      3891 |                               1 |
|      2 |      3891 |                               1 |
|      3 |      3891 |                               3 |
|      5 |      3891 |                               1 |
|      8 |      3891 |                               1 |
|      4 |      3895 |                               1 |
|      0 |      3907 |                               1 |
|      4 |      3907 |                               1 |
|      0 |      3920 |                               3 |
|      3 |      3920 |                               2 |
|      0 |      3932 |                               2 |
|      3 |      3932 |                               2 |
|      0 |      3950 |                               3 |
|      0 |      3997 |                               2 |
|      3 |      3997 |                               1 |
|      0 |      4006 |                               1 |
|      0 |      4099 |                               3 |
|      0 |      4129 |                               4 |
|      3 |      4129 |                               2 |
|      3 |      4191 |                               1 |
|      4 |      4191 |                               1 |
|      0 |      4259 |                              10 |
|      3 |      4259 |                               6 |
|      0 |      4261 |                               1 |
|      0 |      4274 |                               2 |
|      3 |      4274 |                               2 |
|      0 |      4296 |                               1 |
|      0 |      4314 |                               4 |
|      2 |      4314 |                               1 |
|      0 |      4361 |                               5 |
|      3 |      4361 |                               9 |
|      0 |      4408 |                               1 |
|      3 |      4408 |                               2 |
|      3 |      4524 |                               1 |
|      4 |      4524 |                               1 |
|      6 |      4524 |                               1 |
|      0 |      4527 |                              13 |
|      1 |      4527 |                               1 |
|      3 |      4527 |                               1 |
|      2 |      4595 |                               2 |
|      4 |      4595 |                               1 |
|      0 |      4597 |                               3 |
|      0 |      4634 |                              10 |
|      3 |      4634 |                               4 |
|      0 |      4684 |                               2 |
|      0 |      4700 |                               3 |
|      2 |      4700 |                               1 |
|      3 |      4700 |                               2 |
|      0 |      4796 |                               1 |
|      3 |      4796 |                               2 |
|      0 |      4834 |                               1 |
|      2 |      4834 |                               1 |
|      3 |      4834 |                               3 |
|      0 |      4878 |                               5 |
|      3 |      4878 |                               2 |
|      8 |      4878 |                               1 |
|      0 |      4893 |                               2 |
|      2 |      4929 |                               2 |
|      3 |      4929 |                               1 |
|      0 |      4930 |                               1 |
|      2 |      4930 |                               1 |
|      3 |      4930 |                               5 |
|      0 |      4955 |                               2 |
|      0 |      4991 |                               3 |
|      2 |      4995 |                               1 |
|      4 |      4995 |                               1 |
|      0 |      5053 |                              14 |
|      0 |      5083 |                               2 |
|      0 |      5096 |                               5 |
|      3 |      5096 |                               1 |
|      0 |      5135 |                               2 |
|      3 |      5135 |                               2 |
|      0 |      5200 |                               1 |
|      3 |      5200 |                               1 |
|      8 |      5200 |                               1 |
|      0 |      5228 |                               1 |
|      0 |      5243 |                               2 |
|      3 |      5243 |                               1 |
|      0 |      5247 |                               3 |
|      2 |      5247 |                               1 |
|      0 |      5262 |                               2 |
|      0 |      5429 |                               1 |
|      0 |      5450 |                               1 |
|      3 |      5450 |                               1 |
|      0 |      5451 |                               3 |
|      0 |      5459 |                               2 |
|      3 |      5459 |                               2 |
|      3 |      5464 |                               1 |
|      4 |      5464 |                               1 |
|      8 |      5464 |                               1 |
|      0 |      5481 |                               3 |
|      4 |      5481 |                               1 |
|      0 |      5543 |                               4 |
|      0 |      5550 |                               4 |
|      0 |      5563 |                               3 |
|      0 |      5593 |                               1 |
|      0 |      5631 |                               3 |
|      0 |      5678 |                               5 |
|      3 |      5678 |                               4 |
|      4 |      5678 |                               1 |
|      5 |      5678 |                               1 |
|      0 |      5695 |                               2 |
|      2 |      5695 |                               1 |
|      0 |      5755 |                               5 |
|      3 |      5755 |                               1 |
|      0 |      5832 |                               3 |
|      3 |      5832 |                               2 |
|      0 |      5855 |                               4 |
|      0 |      5881 |                               2 |
|      0 |      5888 |                               4 |
|      3 |      5888 |                               2 |
|      5 |      5888 |                               1 |
|      0 |      5921 |                               3 |
|      3 |      5921 |                               1 |
|      0 |      5963 |                               4 |
|      2 |      5963 |                               2 |
|      3 |      5963 |                               2 |
|      0 |      5970 |                               4 |
|      3 |      5970 |                               1 |
|      8 |      5970 |                               1 |
|      0 |      6064 |                               2 |
|      3 |      6064 |                               3 |
|      8 |      6064 |                               1 |
|      0 |      6112 |                               1 |
|      0 |      6122 |                               5 |
|      3 |      6122 |                               1 |
|      8 |      6122 |                               1 |
|      0 |      6130 |                               4 |
|      3 |      6130 |                               3 |
|      0 |      6222 |                               3 |
|      3 |      6222 |                               1 |
|      6 |      6222 |                               1 |
|      4 |      6279 |                               1 |
|      0 |      6299 |                               1 |
|      0 |      6381 |                               2 |
|      3 |      6381 |                               1 |
|      0 |      6422 |                               3 |
|      2 |      6422 |                               1 |
|      5 |      6422 |                               1 |
|      0 |      6423 |                               1 |
|      0 |      6425 |                               1 |
|      2 |      6425 |                               1 |
|      6 |      6425 |                               1 |
|      0 |      6426 |                               2 |
|      3 |      6426 |                               3 |
|      0 |      6493 |                               2 |
|      2 |      6493 |                               2 |
|      3 |      6493 |                               1 |
|      8 |      6493 |                               1 |
|      0 |      6499 |                               1 |
|      3 |      6499 |                               1 |
|      0 |      6515 |                               2 |
|      2 |      6515 |                               1 |
|      3 |      6515 |                               1 |
|      0 |      6523 |                               5 |
|      3 |      6523 |                               1 |
|      3 |      6587 |                               1 |
|      0 |      6590 |                               2 |
|      1 |      6590 |                               1 |
|      3 |      6590 |                               1 |
|      0 |      6636 |                               7 |
|      2 |      6636 |                               1 |
|      8 |      6636 |                               1 |
|      0 |      6698 |                               1 |
|      2 |      6698 |                               2 |
|      4 |      6698 |                               1 |
|      0 |      6795 |                               1 |
|      2 |      6795 |                               1 |
|      3 |      6795 |                               2 |
|      0 |      6814 |                               1 |
|      1 |      6814 |                               2 |
|      3 |      6814 |                               1 |
|      0 |      6849 |                               2 |
|      3 |      6849 |                               2 |
|      0 |      6991 |                               4 |
|      3 |      6991 |                               1 |
|      0 |      7052 |                               1 |
|      2 |      7052 |                               1 |
|      3 |      7052 |                               1 |
|      8 |      7052 |                               1 |
|      0 |      7076 |                               1 |
|      0 |      7084 |                               3 |
|      3 |      7084 |                               1 |
|      2 |      7109 |                               3 |
|      4 |      7109 |                               2 |
|      0 |      7128 |                               2 |
|      6 |      7128 |                               1 |
|      0 |      7175 |                               3 |
|      2 |      7189 |                               1 |
|      0 |      7196 |                               3 |
|      3 |      7196 |                               1 |
|      2 |      7295 |                               1 |
|      0 |      7326 |                              10 |
|      3 |      7326 |                              17 |
|      0 |      7383 |                               3 |
|      3 |      7383 |                               1 |
|      0 |      7432 |                               2 |
|      2 |      7432 |                               1 |
|      3 |      7432 |                               1 |
|      4 |      7432 |                               1 |
|      0 |      7451 |                               1 |
|      2 |      7451 |                               1 |
|      0 |      7454 |                               1 |
|      3 |      7454 |                               1 |
|      4 |      7454 |                               1 |
|      0 |      7478 |                               1 |
|      8 |      7478 |                               1 |
|      4 |      7523 |                               1 |
|      0 |      7583 |                               1 |
|      8 |      7583 |                               1 |
|      0 |      7595 |                               1 |
|      0 |      7661 |                               4 |
|      0 |      7696 |                               2 |
|      2 |      7696 |                               1 |
|      3 |      7696 |                               2 |
|      0 |      7712 |                               2 |
|      3 |      7712 |                              13 |
|      0 |      7754 |                               1 |
|      3 |      7754 |                               1 |
|      0 |      7827 |                               1 |
|      3 |      7827 |                               1 |
|      0 |      7860 |                               3 |
|      3 |      7860 |                               2 |
|      4 |      7860 |                               1 |
|      0 |      7962 |                               1 |
|      3 |      7962 |                               3 |
|      0 |      8037 |                               3 |
|      2 |      8037 |                               1 |
|      3 |      8037 |                               1 |
|      0 |      8066 |                               1 |
|      3 |      8066 |                               3 |
|      0 |      8133 |                               1 |
|      0 |      8187 |                               6 |
|      3 |      8187 |                               2 |
|      8 |      8187 |                               1 |
|      0 |      8355 |                               4 |
|      0 |      8467 |                               3 |
|      2 |      8467 |                               1 |
|      0 |      8556 |                               2 |
|      0 |      8603 |                               2 |
|      3 |      8603 |                               1 |
|      0 |      8629 |                               2 |
|      1 |      8629 |                               1 |
|      0 |      8758 |                               1 |
|      3 |      8758 |                               1 |
|      4 |      8758 |                               1 |
|      5 |      8758 |                               1 |
|      0 |      8838 |                               3 |
|      0 |      8881 |                              31 |
|      1 |      8906 |                               1 |
|      3 |      8906 |                               2 |
|      0 |      8964 |                               4 |
|      0 |      9064 |                               2 |
|      2 |      9064 |                               1 |
|      6 |      9064 |                               1 |
|      0 |      9149 |                               2 |
|      3 |      9149 |                               1 |
|      0 |      9209 |                               9 |
|      3 |      9209 |                               1 |
|      4 |      9209 |                               1 |
|      0 |      9227 |                               1 |
|      2 |      9227 |                               1 |
|      0 |      9257 |                               1 |
|      4 |      9257 |                               1 |
|      0 |      9367 |                               3 |
|      3 |      9367 |                               3 |
|      2 |      9401 |                               1 |
|      3 |      9401 |                               1 |
|      0 |      9431 |                               6 |
|      3 |      9431 |                               4 |
|      0 |      9434 |                               3 |
|      1 |      9434 |                               1 |
|      3 |      9434 |                               1 |
|      0 |      9465 |                               2 |
|      4 |      9465 |                               1 |
|      6 |      9537 |                               1 |
|      0 |      9682 |                               5 |
|      0 |      9695 |                               2 |
|      8 |      9695 |                               1 |
|      0 |      9797 |                               2 |
|      2 |      9797 |                               1 |
|      0 |      9993 |                               4 |
|      2 |      9993 |                               2 |
|      3 |      9993 |                               4 |
|      0 |     10031 |                               2 |
|      4 |     10031 |                               1 |
|      0 |     10124 |                               1 |
|      3 |     10124 |                               2 |
|      0 |     10186 |                               3 |
|      2 |     10186 |                               1 |
|      3 |     10186 |                               2 |
|      0 |     10523 |                               1 |
|      3 |     10523 |                               2 |
|      8 |     10523 |                               1 |
|      0 |     10632 |                               3 |
|      3 |     10632 |                               2 |
|      3 |     10722 |                               1 |
|      0 |     10748 |                              28 |
|      4 |     10748 |                               1 |
|      0 |     10800 |                               2 |
|      3 |     10800 |                               5 |
|      3 |     10801 |                               2 |
|      0 |     10915 |                               2 |
|      0 |     11284 |                               3 |
|      3 |     11284 |                               1 |
|      2 |     11581 |                               1 |
|      0 |     11753 |                               1 |
|      0 |     12008 |                               1 |
|      0 |     12055 |                               2 |
|      3 |     12055 |                               3 |
|      4 |     12055 |                               1 |
|      6 |     12055 |                               1 |
|      3 |     12073 |                               2 |
|      0 |     12137 |                               2 |
|      2 |     12137 |                               1 |
|      3 |     12137 |                               1 |
|      0 |     12306 |                               1 |
|      3 |     12306 |                               2 |
|      0 |     12363 |                               3 |
|      1 |     12363 |                               1 |
|      3 |     12363 |                               3 |
|      0 |     12421 |                               1 |
|      0 |     12443 |                               2 |
|      3 |     12443 |                               2 |
|      4 |     12443 |                               1 |
|      0 |     12462 |                               5 |
|      3 |     12462 |                               3 |
|      5 |     12462 |                               1 |
|      0 |     13285 |                               2 |
|      3 |     13285 |                               1 |
|      0 |     13467 |                               2 |
|      0 |     13474 |                               2 |
|      2 |     13474 |                               2 |
|      3 |     13474 |                               1 |
|      0 |     13681 |                               2 |
|      0 |     14044 |                               2 |
|      2 |     14044 |                               1 |
|      0 |     14183 |                               3 |
|      3 |     14183 |                               3 |
|      0 |     14430 |                               4 |
|      0 |     14792 |                               1 |
|      0 |     15053 |                               3 |
|      0 |     15149 |                               3 |
|      0 |     15616 |                               1 |
|      4 |     15616 |                               1 |
|      0 |     15718 |                               1 |
|      0 |     15893 |                               3 |
|      3 |     15893 |                              11 |
|      0 |     15992 |                              13 |
|      0 |     15995 |                               3 |
|      3 |     15995 |                               2 |
|      0 |     16715 |                               1 |
|      3 |     16715 |                               1 |
|      4 |     16715 |                               2 |
|      6 |     16715 |                               1 |
|      8 |     16715 |                               1 |
|      0 |     17600 |                               2 |
|      1 |     17600 |                               1 |
|      3 |     17600 |                               1 |
|      0 |     17974 |                               1 |
|      0 |     19598 |                               6 |
|      3 |     19598 |                               3 |
|      8 |     19598 |                               1 |
|      0 |     19602 |                               3 |
|      3 |     19602 |                               4 |
|      0 |     20002 |                               3 |
|      6 |     20002 |                               1 |
|      0 |     22095 |                               1 |
|      0 |     23054 |                               3 |
|      0 |     24019 |                               1 |
|      2 |     24019 |                               2 |
|      3 |     24019 |                               3 |
|      0 |     27210 |                               1 |
|      0 |     33530 |                               3 |
|      8 |     33530 |                               1 |
|      0 |     37409 |                               1 |
|      0 |     53451 |                               7 |
|      3 |     53451 |                               3 |
|      7 |     53451 |                               1 |
|      8 |     53451 |                               2 |
|      0 |     54141 |                               3 |
|      0 |     55826 |                               8 |
|      0 |     64232 |                               2 |
|      2 |     64232 |                               1 |
|      3 |     64232 |                               1 |
|      7 |     64232 |                               1 |